State,PlanType,IndividualRate,Poverty
AK,Indemnity,95.96208333333331,13.341379310344827
AK,PPO,649.5053427474606,13.341379310344827
AL,POS,513.99096537068,21.76268656716418
AL,PPO,223.00638224217698,21.76268656716418
AZ,HMO,363.9647248701023,21.3
AZ,POS,312.2028985507246,21.3
AZ,PPO,396.46262579046885,21.3
FL,EPO,435.5172442001614,18.250746268656716
FL,HMO,403.38672442593395,18.250746268656716
FL,POS,519.330652173913,18.250746268656716
FL,PPO,97.04595560609219,18.250746268656716
